PIK #,Hall,Room #
336661100,AH CONFERENCE,RAR-102Aa
336661101,AH CONFERENCE,RAR-102Ba
336661102,AH CONFERENCE,RAR-102Ca
336661103,AH CONFERENCE,RAR-104a
336661104,AH CONFERENCE,RAR-104b
336661105,AH CONFERENCE,RAR-106Aa
336661106,AH CONFERENCE,RAR-106Ba
336661107,AH CONFERENCE,RAR-106Ca
336661108,AH CONFERENCE,RAR-107Aa
336661109,AH CONFERENCE,RAR-107Ba
336661110,AH CONFERENCE,RAR-107Ca
336661111,AH CONFERENCE,RAR-108Aa
336661112,AH CONFERENCE,RAR-108Ba
336661113,AH CONFERENCE,RAR-108Ca
336661114,AH CONFERENCE,RAR-109a
336661115,AH CONFERENCE,RAR-109b
336661116,AH CONFERENCE,RAR-110Aa
336661117,AH CONFERENCE,RAR-110Ba
336661118,AH CONFERENCE,RAR-110Ca
336661119,AH CONFERENCE,RAR-111aR
336661120,AH CONFERENCE,RAR-112Aa
336661121,AH CONFERENCE,RAR-112Ba
336661122,AH CONFERENCE,RAR-112Ca
336661123,AH CONFERENCE,RAR-113Aa
336661124,AH CONFERENCE,RAR-113Ba
336661125,AH CONFERENCE,RAR-113Ca
336661126,AH CONFERENCE,RAR-114a
336661127,AH CONFERENCE,RAR-114b
336661128,AH CONFERENCE,RAR-115Aa
336661129,AH CONFERENCE,RAR-115Ba
336661130,AH CONFERENCE,RAR-115Ca
336661131,AH CONFERENCE,RAR-116Aa
336661132,AH CONFERENCE,RAR-116Ba
336661133,AH CONFERENCE,RAR-116Ca
336661134,AH CONFERENCE,RAR-117Aa
336661135,AH CONFERENCE,RAR-117Ba
336661136,AH CONFERENCE,RAR-117Ca
336661137,AH CONFERENCE,RAR-118Aa
336661138,AH CONFERENCE,RAR-118Ba
336661139,AH CONFERENCE,RAR-118Ca
336661140,AH CONFERENCE,RAR-119Aa
336661141,AH CONFERENCE,RAR-119Ba
336661142,AH CONFERENCE,RAR-119Ca
336661143,AH CONFERENCE,RAR-120a
336661144,AH CONFERENCE,RAR-120b
336661145,AH CONFERENCE,RAR-121a
336661146,AH CONFERENCE,RAR-121b
336661147,AH CONFERENCE,RAR-122Aa
336661148,AH CONFERENCE,RAR-122Ba
336661149,AH CONFERENCE,RAR-122Ca
336661150,AH CONFERENCE,RAR-123Aa
336661151,AH CONFERENCE,RAR-123Ba
336661152,AH CONFERENCE,RAR-123Ca
336661153,AH CONFERENCE,RAR-126a
336661154,AH CONFERENCE,RAR-126b
336661155,AH CONFERENCE,RAR-127Aa
336661156,AH CONFERENCE,RAR-127Ba
336661157,AH CONFERENCE,RAR-127Ca
336661158,AH CONFERENCE,RAR-128Aa
336661159,AH CONFERENCE,RAR-128Ba
336661160,AH CONFERENCE,RAR-128Ca
336661161,AH CONFERENCE,RAR-129a
336661162,AH CONFERENCE,RAR-129b
336661163,AH CONFERENCE,RAR-130a
336661164,AH CONFERENCE,RAR-130b
336661165,AH CONFERENCE,RAR-131aR
336661166,AH CONFERENCE,RAR-132Aa
336661167,AH CONFERENCE,RAR-132Ba
336661168,AH CONFERENCE,RAR-132Ca
336661169,AH CONFERENCE,RAR-133Aa
336661170,AH CONFERENCE,RAR-133Ba
336661171,AH CONFERENCE,RAR-133Ca
336661172,AH CONFERENCE,RAR-134Aa
336661173,AH CONFERENCE,RAR-134Ba
336661174,AH CONFERENCE,RAR-134Ca
336661175,AH CONFERENCE,RAR-135Aa
336661176,AH CONFERENCE,RAR-135Ba
336661177,AH CONFERENCE,RAR-135Ca
336661178,AH CONFERENCE,RAR-136Aa
336661179,AH CONFERENCE,RAR-136Ba
336661180,AH CONFERENCE,RAR-136Ca
336661181,AH CONFERENCE,RAR-137Aa
336661182,AH CONFERENCE,RAR-137Ba
336661183,AH CONFERENCE,RAR-137Ca
336661184,AH CONFERENCE,RAR-138Aa
336661185,AH CONFERENCE,RAR-138Ba
336661186,AH CONFERENCE,RAR-138Ca
336661187,AH CONFERENCE,RAR-140Aa
336661188,AH CONFERENCE,RAR-140Ba
336661189,AH CONFERENCE,RAR-140Ca
336661190,AH CONFERENCE,RAR-142a
336661191,AH CONFERENCE,RAR-142b
336661192,AH CONFERENCE,RAR-144a
336661193,AH CONFERENCE,RAR-144b
336661194,AH CONFERENCE,RAR-146Aa
336661195,AH CONFERENCE,RAR-146Ba
336661196,AH CONFERENCE,RAR-146Ca
336661197,AH CONFERENCE,RAR-148Aa
336661198,AH CONFERENCE,RAR-148Ba
336661199,AH CONFERENCE,RAR-148Ca
336661200,AH CONFERENCE,RAR-154a
336661201,AH CONFERENCE,RAR-154b
336661202,AH CONFERENCE,RAR-155Aa
336661203,AH CONFERENCE,RAR-155Ba
336661204,AH CONFERENCE,RAR-155Ca
336661205,AH CONFERENCE,RAR-156Aa
336661206,AH CONFERENCE,RAR-156Ba
336661207,AH CONFERENCE,RAR-156Ca
336661208,AH CONFERENCE,RAR-157a
336661209,AH CONFERENCE,RAR-157b
336661210,AH CONFERENCE,RAR-158Aa
336661211,AH CONFERENCE,RAR-158Ba
336661212,AH CONFERENCE,RAR-158Ca
336661213,AH CONFERENCE,RAR-159aR
336661214,AH CONFERENCE,RAR-160Aa
336661215,AH CONFERENCE,RAR-160Ba
336661216,AH CONFERENCE,RAR-160Ca
336661217,AH CONFERENCE,RAR-161Aa
336661218,AH CONFERENCE,RAR-161Ba
336661219,AH CONFERENCE,RAR-161Ca
336661220,AH CONFERENCE,RAR-162Aa
336661221,AH CONFERENCE,RAR-162Ba
336661222,AH CONFERENCE,RAR-162Ca
336661223,AH CONFERENCE,RAR-163Aa
336661224,AH CONFERENCE,RAR-163Ba
336661225,AH CONFERENCE,RAR-163Ca
336661226,AH CONFERENCE,RAR-164a
336661227,AH CONFERENCE,RAR-164b
336661228,AH CONFERENCE,RAR-165Aa
336661229,AH CONFERENCE,RAR-165Ba
336661230,AH CONFERENCE,RAR-165Ca
336661231,AH CONFERENCE,RAR-166Aa
336661232,AH CONFERENCE,RAR-166Ba
336661233,AH CONFERENCE,RAR-166Ca
336661234,AH CONFERENCE,RAR-167Aa
336661235,AH CONFERENCE,RAR-167Ba
336661236,AH CONFERENCE,RAR-167Ca
336661237,AH CONFERENCE,RAR-168Aa
336661238,AH CONFERENCE,RAR-168Ba
336661239,AH CONFERENCE,RAR-168Ca
336661240,AH CONFERENCE,RAR-169a
336661241,AH CONFERENCE,RAR-169b
336661242,AH CONFERENCE,RAR-170a
336661243,AH CONFERENCE,RAR-170b
336661244,AH CONFERENCE,RAR-171Aa
336661245,AH CONFERENCE,RAR-171Ba
336661246,AH CONFERENCE,RAR-171Ca
336661247,AH CONFERENCE,RAR-172Aa
336661248,AH CONFERENCE,RAR-172Ba
336661249,AH CONFERENCE,RAR-172Ca
336661250,AH CONFERENCE,RAR-175Aa
336661251,AH CONFERENCE,RAR-175Ba
336661252,AH CONFERENCE,RAR-175Ca
336661253,AH CONFERENCE,RAR-176a
336661254,AH CONFERENCE,RAR-176b
336661255,AH CONFERENCE,RAR-177a
336661256,AH CONFERENCE,RAR-177b
336661257,AH CONFERENCE,RAR-178Aa
336661258,AH CONFERENCE,RAR-178Ba
336661259,AH CONFERENCE,RAR-178Ca
336661260,AH CONFERENCE,RAR-179aR
336661261,AH CONFERENCE,RAR-180a
336661262,AH CONFERENCE,RAR-180b
336661263,AH CONFERENCE,RAR-181Aa
336661264,AH CONFERENCE,RAR-181Ba
336661265,AH CONFERENCE,RAR-181Ca
336661266,AH CONFERENCE,RAR-182Aa
336661267,AH CONFERENCE,RAR-182Ba
336661268,AH CONFERENCE,RAR-182Ca
336661269,AH CONFERENCE,RAR-183Aa
336661270,AH CONFERENCE,RAR-183Ba
336661271,AH CONFERENCE,RAR-183Ca
336661272,AH CONFERENCE,RAR-184Aa
336661273,AH CONFERENCE,RAR-184Ba
336661274,AH CONFERENCE,RAR-184Ca
336661275,AH CONFERENCE,RAR-185Aa
336661276,AH CONFERENCE,RAR-185Ba
336661277,AH CONFERENCE,RAR-185Ca
336661278,AH CONFERENCE,RAR-186Aa
336661279,AH CONFERENCE,RAR-186Ba
336661280,AH CONFERENCE,RAR-186Ca
336661281,AH CONFERENCE,RAR-188Aa
336661282,AH CONFERENCE,RAR-188Ba
336661283,AH CONFERENCE,RAR-188Ca
336661284,AH CONFERENCE,RAR-190Aa
336661285,AH CONFERENCE,RAR-190Ba
336661286,AH CONFERENCE,RAR-190Ca
336661287,AH CONFERENCE,RAR-192a
336661288,AH CONFERENCE,RAR-192b
336661289,AH CONFERENCE,RAR-194a
336661290,AH CONFERENCE,RAR-194b
336661291,AH CONFERENCE,RAR-196Aa
336661292,AH CONFERENCE,RAR-196Ba
336661293,AH CONFERENCE,RAR-196Ca
336661294,AH CONFERENCE,RAR-198Aa
336661295,AH CONFERENCE,RAR-198Ba
336661296,AH CONFERENCE,RAR-198Ca
336661297,AH CONFERENCE,RAR-202Aa
336661298,AH CONFERENCE,RAR-202Ba
336661299,AH CONFERENCE,RAR-202Ca
336661300,AH CONFERENCE,RAR-204aR
336661301,AH CONFERENCE,RAR-206Aa
336661302,AH CONFERENCE,RAR-206Ba
336661303,AH CONFERENCE,RAR-206Ca
336661304,AH CONFERENCE,RAR-207Aa
336661305,AH CONFERENCE,RAR-207Ba
336661306,AH CONFERENCE,RAR-207Ca
336661307,AH CONFERENCE,RAR-208Aa
336661308,AH CONFERENCE,RAR-208Ba
336661309,AH CONFERENCE,RAR-208Ca
336661310,AH CONFERENCE,RAR-209a
336661311,AH CONFERENCE,RAR-209b
336661312,AH CONFERENCE,RAR-210Aa
336661313,AH CONFERENCE,RAR-210Ba
336661314,AH CONFERENCE,RAR-210Ca
336661315,AH CONFERENCE,RAR-211aR
336661316,AH CONFERENCE,RAR-212Aa
336661317,AH CONFERENCE,RAR-212Ba
336661318,AH CONFERENCE,RAR-212Ca
336661319,AH CONFERENCE,RAR-213Aa
336661320,AH CONFERENCE,RAR-213Ba
336661321,AH CONFERENCE,RAR-213Ca
336661322,AH CONFERENCE,RAR-214a
336661323,AH CONFERENCE,RAR-214b
336661324,AH CONFERENCE,RAR-215Aa
336661325,AH CONFERENCE,RAR-215Ba
336661326,AH CONFERENCE,RAR-215Ca
336661327,AH CONFERENCE,RAR-216Aa
336661328,AH CONFERENCE,RAR-216Ba
336661329,AH CONFERENCE,RAR-216Ca
336661330,AH CONFERENCE,RAR-217Aa
336661331,AH CONFERENCE,RAR-217Ba
336661332,AH CONFERENCE,RAR-217Ca
336661333,AH CONFERENCE,RAR-218Aa
336661334,AH CONFERENCE,RAR-218Ba
336661335,AH CONFERENCE,RAR-218Ca
336661336,AH CONFERENCE,RAR-219Aa
336661337,AH CONFERENCE,RAR-219Ba
336661338,AH CONFERENCE,RAR-219Ca
336661339,AH CONFERENCE,RAR-220a
336661340,AH CONFERENCE,RAR-220b
336661341,AH CONFERENCE,RAR-221a
336661342,AH CONFERENCE,RAR-221b
336661343,AH CONFERENCE,RAR-222Aa
336661344,AH CONFERENCE,RAR-222Ba
336661345,AH CONFERENCE,RAR-222Ca
336661346,AH CONFERENCE,RAR-223Aa
336661347,AH CONFERENCE,RAR-223Ba
336661348,AH CONFERENCE,RAR-223Ca
336661349,AH CONFERENCE,RAR-226a
336661350,AH CONFERENCE,RAR-226b
336661351,AH CONFERENCE,RAR-227Aa
336661352,AH CONFERENCE,RAR-227Ba
336661353,AH CONFERENCE,RAR-227Ca
336661354,AH CONFERENCE,RAR-228Aa
336661355,AH CONFERENCE,RAR-228Ba
336661356,AH CONFERENCE,RAR-228Ca
336661357,AH CONFERENCE,RAR-229a
336661358,AH CONFERENCE,RAR-229b
336661359,AH CONFERENCE,RAR-230a
336661360,AH CONFERENCE,RAR-230b
336661361,AH CONFERENCE,RAR-231aR
336661362,AH CONFERENCE,RAR-232Aa
336661363,AH CONFERENCE,RAR-232Ba
336661364,AH CONFERENCE,RAR-232Ca
336661365,AH CONFERENCE,RAR-233Aa
336661366,AH CONFERENCE,RAR-233Ba
336661367,AH CONFERENCE,RAR-233Ca
336661368,AH CONFERENCE,RAR-234Aa
336661369,AH CONFERENCE,RAR-234Ba
336661370,AH CONFERENCE,RAR-234Ca
336661371,AH CONFERENCE,RAR-235Aa
336661372,AH CONFERENCE,RAR-235Ba
336661373,AH CONFERENCE,RAR-235Ca
336661374,AH CONFERENCE,RAR-236Aa
336661375,AH CONFERENCE,RAR-236Ba
336661376,AH CONFERENCE,RAR-236Ca
336661377,AH CONFERENCE,RAR-237Aa
336661378,AH CONFERENCE,RAR-237Ba
336661379,AH CONFERENCE,RAR-237Ca
336661380,AH CONFERENCE,RAR-238Aa
336661381,AH CONFERENCE,RAR-238B
336661382,AH CONFERENCE,RAR-238Ca
336661383,AH CONFERENCE,RAR-240Aa
336661384,AH CONFERENCE,RAR-240Ba
336661385,AH CONFERENCE,RAR-240Ca
336661386,AH CONFERENCE,RAR-242a
336661387,AH CONFERENCE,RAR-242b
336661388,AH CONFERENCE,RAR-244a
336661389,AH CONFERENCE,RAR-244b
336661390,AH CONFERENCE,RAR-246Aa
336661391,AH CONFERENCE,RAR-246Ba
336661392,AH CONFERENCE,RAR-246Ca
336661393,AH CONFERENCE,RAR-248Aa
336661394,AH CONFERENCE,RAR-248Ba
336661395,AH CONFERENCE,RAR-248Ca
336661396,AH CONFERENCE,RAR-252Aa
336661397,AH CONFERENCE,RAR-252Ba
336661398,AH CONFERENCE,RAR-252Ca
336661399,AH CONFERENCE,RAR-254a
336661400,AH CONFERENCE,RAR-254b
336661401,AH CONFERENCE,RAR-255Aa
336661402,AH CONFERENCE,RAR-255Ba
336661403,AH CONFERENCE,RAR-255Ca
336661404,AH CONFERENCE,RAR-256Aa
336661405,AH CONFERENCE,RAR-256Ba
336661406,AH CONFERENCE,RAR-256Ca
336661407,AH CONFERENCE,RAR-257a
336661408,AH CONFERENCE,RAR-257b
336661409,AH CONFERENCE,RAR-258Aa
336661410,AH CONFERENCE,RAR-258Ba
336661411,AH CONFERENCE,RAR-258Ca
336661412,AH CONFERENCE,RAR-259aR
336661413,AH CONFERENCE,RAR-260Aa
336661414,AH CONFERENCE,RAR-260Ba
336661415,AH CONFERENCE,RAR-260Ca
336661416,AH CONFERENCE,RAR-261Aa
336661417,AH CONFERENCE,RAR-261Ba
336661418,AH CONFERENCE,RAR-261Ca
336661419,AH CONFERENCE,RAR-262Aa
336661420,AH CONFERENCE,RAR-262Ba
336661421,AH CONFERENCE,RAR-262Ca
336661422,AH CONFERENCE,RAR-263Aa
336661423,AH CONFERENCE,RAR-263Ba
336661424,AH CONFERENCE,RAR-263Ca
336661425,AH CONFERENCE,RAR-264a
336661426,AH CONFERENCE,RAR-264b
336661427,AH CONFERENCE,RAR-265Aa
336661428,AH CONFERENCE,RAR-265Ba
336661429,AH CONFERENCE,RAR-265Ca
336661430,AH CONFERENCE,RAR-266Aa
336661431,AH CONFERENCE,RAR-266Ba
336661432,AH CONFERENCE,RAR-266Ca
336661433,AH CONFERENCE,RAR-267Aa
336661434,AH CONFERENCE,RAR-267Ba
336661435,AH CONFERENCE,RAR-267Ca
336661436,AH CONFERENCE,RAR-268Aa
336661437,AH CONFERENCE,RAR-268Ba
336661438,AH CONFERENCE,RAR-268Ca
336661439,AH CONFERENCE,RAR-269a
336661440,AH CONFERENCE,RAR-269b
336661441,AH CONFERENCE,RAR-270a
336661442,AH CONFERENCE,RAR-270b
336661443,AH CONFERENCE,RAR-271Aa
336661444,AH CONFERENCE,RAR-271Ba
336661445,AH CONFERENCE,RAR-271Ca
336661446,AH CONFERENCE,RAR-272Aa
336661447,AH CONFERENCE,RAR-272Ba
336661448,AH CONFERENCE,RAR-272Ca
336661449,AH CONFERENCE,RAR-275Aa
336661450,AH CONFERENCE,RAR-275Ba
336661451,AH CONFERENCE,RAR-275Ca
336661452,AH CONFERENCE,RAR-276a
336661453,AH CONFERENCE,RAR-276b
336661454,AH CONFERENCE,RAR-277a
336661455,AH CONFERENCE,RAR-277b
336661456,AH CONFERENCE,RAR-278Aa
336661457,AH CONFERENCE,RAR-278Ba
336661458,AH CONFERENCE,RAR-278Ca
336661459,AH CONFERENCE,RAR-279aR
336661460,AH CONFERENCE,RAR-280a
336661461,AH CONFERENCE,RAR-280b
336661462,AH CONFERENCE,RAR-281Aa
336661463,AH CONFERENCE,RAR-281Ba
336661464,AH CONFERENCE,RAR-281Ca
336661465,AH CONFERENCE,RAR-282Aa
336661466,AH CONFERENCE,RAR-282Ba
336661467,AH CONFERENCE,RAR-282Ca
336661468,AH CONFERENCE,RAR-283Aa
336661469,AH CONFERENCE,RAR-283Ba
336661470,AH CONFERENCE,RAR-283Ca
336661471,AH CONFERENCE,RAR-284Aa
336661472,AH CONFERENCE,RAR-284Ba
336661473,AH CONFERENCE,RAR-284Ca
336661474,AH CONFERENCE,RAR-285Aa
336661475,AH CONFERENCE,RAR-285Ba
336661476,AH CONFERENCE,RAR-285Ca
336661477,AH CONFERENCE,RAR-286Aa
336661478,AH CONFERENCE,RAR-286Ba
336661479,AH CONFERENCE,RAR-286Ca
336661480,AH CONFERENCE,RAR-288Aa
336661481,AH CONFERENCE,RAR-288Ba
336661482,AH CONFERENCE,RAR-288Ca
336661483,AH CONFERENCE,RAR-290Aa
336661484,AH CONFERENCE,RAR-290Ba
336661485,AH CONFERENCE,RAR-290Ca
336661486,AH CONFERENCE,RAR-292a
336661487,AH CONFERENCE,RAR-292b
336661488,AH CONFERENCE,RAR-294a
336661489,AH CONFERENCE,RAR-294b
336661490,AH CONFERENCE,RAR-296Aa
336661491,AH CONFERENCE,RAR-296Ba
336661492,AH CONFERENCE,RAR-296Ca
336661493,AH CONFERENCE,RAR-298Aa
336661494,AH CONFERENCE,RAR-298Ba
336661495,AH CONFERENCE,RAR-298Ca
336661496,AH CONFERENCE,RAR-302Aa
336661497,AH CONFERENCE,RAR-302Ba
336661498,AH CONFERENCE,RAR-302Ca
336661499,AH CONFERENCE,RAR-304a
336661500,AH CONFERENCE,RAR-304b
336661501,AH CONFERENCE,RAR-306Aa
336661502,AH CONFERENCE,RAR-306Ba
336661503,AH CONFERENCE,RAR-306Ca
336661504,AH CONFERENCE,RAR-307Aa
336661505,AH CONFERENCE,RAR-307Ba
336661506,AH CONFERENCE,RAR-307Ca
336661507,AH CONFERENCE,RAR-308Aa
336661508,AH CONFERENCE,RAR-308Ba
336661509,AH CONFERENCE,RAR-308Ca
336661510,AH CONFERENCE,RAR-309a
336661511,AH CONFERENCE,RAR-309b
336661512,AH CONFERENCE,RAR-310Aa
336661513,AH CONFERENCE,RAR-310Ba
336661514,AH CONFERENCE,RAR-310Ca
336661515,AH CONFERENCE,RAR-311aR
336661516,AH CONFERENCE,RAR-312Aa
336661517,AH CONFERENCE,RAR-312Ba
336661518,AH CONFERENCE,RAR-312Ca
336661519,AH CONFERENCE,RAR-313Aa
336661520,AH CONFERENCE,RAR-313Ba
336661521,AH CONFERENCE,RAR-313Ca
336661522,AH CONFERENCE,RAR-314a
336661523,AH CONFERENCE,RAR-314b
336661524,AH CONFERENCE,RAR-315Aa
336661525,AH CONFERENCE,RAR-315Ba
336661526,AH CONFERENCE,RAR-315Ca
336661527,AH CONFERENCE,RAR-316Aa
336661528,AH CONFERENCE,RAR-316Ba
336661529,AH CONFERENCE,RAR-316Ca
336661530,AH CONFERENCE,RAR-317Aa
336661531,AH CONFERENCE,RAR-317Ba
336661532,AH CONFERENCE,RAR-317Ca
336661533,AH CONFERENCE,RAR-318Aa
336661534,AH CONFERENCE,RAR-318Ba
336661535,AH CONFERENCE,RAR-318Ca
336661536,AH CONFERENCE,RAR-319Aa
336661537,AH CONFERENCE,RAR-319Ba
336661538,AH CONFERENCE,RAR-319Ca
336661539,AH CONFERENCE,RAR-320a
336661540,AH CONFERENCE,RAR-320b
336661541,AH CONFERENCE,RAR-321a
336661542,AH CONFERENCE,RAR-321b
336661543,AH CONFERENCE,RAR-322Aa
336661544,AH CONFERENCE,RAR-322Ba
336661545,AH CONFERENCE,RAR-322Ca
336661546,AH CONFERENCE,RAR-323Aa
336661547,AH CONFERENCE,RAR-323Ba
336661548,AH CONFERENCE,RAR-323Ca
336661549,AH CONFERENCE,RAR-326a
336661550,AH CONFERENCE,RAR-326b
336661551,AH CONFERENCE,RAR-327Aa
336661552,AH CONFERENCE,RAR-327Ba
336661553,AH CONFERENCE,RAR-327Ca
336661554,AH CONFERENCE,RAR-328Aa
336661555,AH CONFERENCE,RAR-328Ba
336661556,AH CONFERENCE,RAR-328Ca
336661557,AH CONFERENCE,RAR-329a
336661558,AH CONFERENCE,RAR-329b
336661559,AH CONFERENCE,RAR-330a
336661560,AH CONFERENCE,RAR-330b
336661561,AH CONFERENCE,RAR-331aR
336661562,AH CONFERENCE,RAR-332Aa
336661563,AH CONFERENCE,RAR-332Ba
336661564,AH CONFERENCE,RAR-332Ca
336661565,AH CONFERENCE,RAR-333Aa
336661566,AH CONFERENCE,RAR-333Ba
336661567,AH CONFERENCE,RAR-333Ca
336661568,AH CONFERENCE,RAR-334Aa
336661569,AH CONFERENCE,RAR-334Ba
336661570,AH CONFERENCE,RAR-334Ca
336661571,AH CONFERENCE,RAR-335a
336661572,AH CONFERENCE,RAR-335Ba
336661573,AH CONFERENCE,RAR-335Ca
336661574,AH CONFERENCE,RAR-336Aa
336661575,AH CONFERENCE,RAR-336Ba
336661576,AH CONFERENCE,RAR-336Ca
336661577,AH CONFERENCE,RAR-337Aa
336661578,AH CONFERENCE,RAR-337Ba
336661579,AH CONFERENCE,RAR-337Ca
336661580,AH CONFERENCE,RAR-338Aa
336661581,AH CONFERENCE,RAR-338Ba
336661582,AH CONFERENCE,RAR-338Ca
336661583,AH CONFERENCE,RAR-340Aa
336661584,AH CONFERENCE,RAR-340Ba
336661585,AH CONFERENCE,RAR-340Ca
336661586,AH CONFERENCE,RAR-342a
336661587,AH CONFERENCE,RAR-342b
336661588,AH CONFERENCE,RAR-344a
336661589,AH CONFERENCE,RAR-344b
336661590,AH CONFERENCE,RAR-346Aa
336661591,AH CONFERENCE,RAR-346Ba
336661592,AH CONFERENCE,RAR-346Ca
336661593,AH CONFERENCE,RAR-348Aa
336661594,AH CONFERENCE,RAR-348Ba
336661595,AH CONFERENCE,RAR-348Ca
336661596,AH CONFERENCE,RAR-352Aa
336661597,AH CONFERENCE,RAR-352Ba
336661598,AH CONFERENCE,RAR-352Ca
336661599,AH CONFERENCE,RAR-354a
336661600,AH CONFERENCE,RAR-354b
336661601,AH CONFERENCE,RAR-355Aa
336661602,AH CONFERENCE,RAR-355Ba
336661603,AH CONFERENCE,RAR-355Ca
336661604,AH CONFERENCE,RAR-356Aa
336661605,AH CONFERENCE,RAR-356Ba
336661606,AH CONFERENCE,RAR-356Ca
336661607,AH CONFERENCE,RAR-357a
336661608,AH CONFERENCE,RAR-357b
336661609,AH CONFERENCE,RAR-358Aa
336661610,AH CONFERENCE,RAR-358Ba
336661611,AH CONFERENCE,RAR-358Ca
336661612,AH CONFERENCE,RAR-359aR
336661613,AH CONFERENCE,RAR-360Aa
336661614,AH CONFERENCE,RAR-360Ba
336661615,AH CONFERENCE,RAR-360Ca
336661616,AH CONFERENCE,RAR-361Aa
336661617,AH CONFERENCE,RAR-361Ba
336661618,AH CONFERENCE,RAR-361Ca
336661619,AH CONFERENCE,RAR-362Aa
336661620,AH CONFERENCE,RAR-362Ba
336661621,AH CONFERENCE,RAR-362Ca
336661622,AH CONFERENCE,RAR-363Aa
336661623,AH CONFERENCE,RAR-363Ba
336661624,AH CONFERENCE,RAR-363Ca
336661625,AH CONFERENCE,RAR-364a
336661626,AH CONFERENCE,RAR-364b
336661627,AH CONFERENCE,RAR-365Aa
336661628,AH CONFERENCE,RAR-365Ba
336661629,AH CONFERENCE,RAR-365Ca
336661630,AH CONFERENCE,RAR-366Aa
336661631,AH CONFERENCE,RAR-366Ba
336661632,AH CONFERENCE,RAR-366Ca
336661633,AH CONFERENCE,RAR-367Aa
336661634,AH CONFERENCE,RAR-367Ba
336661635,AH CONFERENCE,RAR-367Ca
336661636,AH CONFERENCE,RAR-368Aa
336661637,AH CONFERENCE,RAR-368Ba
336661638,AH CONFERENCE,RAR-368Ca
336661639,AH CONFERENCE,RAR-369a
336661640,AH CONFERENCE,RAR-369b
336661641,AH CONFERENCE,RAR-370a
336661642,AH CONFERENCE,RAR-370b
336661643,AH CONFERENCE,RAR-371Aa
336661644,AH CONFERENCE,RAR-371Ba
336661645,AH CONFERENCE,RAR-371Ca
336661646,AH CONFERENCE,RAR-372Aa
336661647,AH CONFERENCE,RAR-372Ba
336661648,AH CONFERENCE,RAR-372Ca
336661649,AH CONFERENCE,RAR-375Aa
336661650,AH CONFERENCE,RAR-375Ba
336661651,AH CONFERENCE,RAR-375Ca
336661652,AH CONFERENCE,RAR-376a
336661653,AH CONFERENCE,RAR-376b
336661654,AH CONFERENCE,RAR-377a
336661655,AH CONFERENCE,RAR-377b
336661656,AH CONFERENCE,RAR-378Aa
336661657,AH CONFERENCE,RAR-378Ba
336661658,AH CONFERENCE,RAR-378Ca
336661659,AH CONFERENCE,RAR-379aR
336661660,AH CONFERENCE,RAR-380a
336661661,AH CONFERENCE,RAR-380b
336661662,AH CONFERENCE,RAR-381Aa
336661663,AH CONFERENCE,RAR-381Ba
336661664,AH CONFERENCE,RAR-381Ca
336661665,AH CONFERENCE,RAR-382Aa
336661666,AH CONFERENCE,RAR-382Ba
336661667,AH CONFERENCE,RAR-382Ca
336661668,AH CONFERENCE,RAR-383Aa
336661669,AH CONFERENCE,RAR-383Ba
336661670,AH CONFERENCE,RAR-383Ca
336661671,AH CONFERENCE,RAR-384Aa
336661672,AH CONFERENCE,RAR-384Ba
336661673,AH CONFERENCE,RAR-384Ca
336661674,AH CONFERENCE,RAR-385Aa
336661675,AH CONFERENCE,RAR-385Ba
336661676,AH CONFERENCE,RAR-385Ca
336661677,AH CONFERENCE,RAR-386Aa
336661678,AH CONFERENCE,RAR-386Ba
336661679,AH CONFERENCE,RAR-386Ca
336661680,AH CONFERENCE,RAR-388Aa
336661681,AH CONFERENCE,RAR-388Ba
336661682,AH CONFERENCE,RAR-388Ca
336661683,AH CONFERENCE,RAR-390Aa
336661684,AH CONFERENCE,RAR-390Ba
336661685,AH CONFERENCE,RAR-390Ca
336661686,AH CONFERENCE,RAR-392a
336661687,AH CONFERENCE,RAR-392b
336661688,AH CONFERENCE,RAR-394a
336661689,AH CONFERENCE,RAR-394b
336661690,AH CONFERENCE,RAR-396Aa
336661691,AH CONFERENCE,RAR-396Ba
336661692,AH CONFERENCE,RAR-396Ca
336661693,AH CONFERENCE,RAR-398Aa
336661694,AH CONFERENCE,RAR-398Ba
336661695,AH CONFERENCE,RAR-398Ca
336661696,AH SPARE CONFERENCE,RAR-102Aa
336661697,AH SPARE CONFERENCE,RAR-102Ba
336661698,AH SPARE CONFERENCE,RAR-102Ca
336661699,AH SPARE CONFERENCE,RAR-104a
336661700,AH SPARE CONFERENCE,RAR-104b
336661701,AH SPARE CONFERENCE,RAR-106Aa
336661702,AH SPARE CONFERENCE,RAR-106Ba
336661703,AH SPARE CONFERENCE,RAR-106Ca
336661704,AH SPARE CONFERENCE,RAR-107Aa
336661705,AH SPARE CONFERENCE,RAR-107Ba
336661706,AH SPARE CONFERENCE,RAR-107Ca
336661707,AH SPARE CONFERENCE,RAR-108Aa
336661708,AH SPARE CONFERENCE,RAR-108Ba
336661709,AH SPARE CONFERENCE,RAR-108Ca
336661710,AH SPARE CONFERENCE,RAR-109a
336661711,AH SPARE CONFERENCE,RAR-109b
336661712,AH SPARE CONFERENCE,RAR-110Aa
336661713,AH SPARE CONFERENCE,RAR-110Ba
336661714,AH SPARE CONFERENCE,RAR-110Ca
336661715,AH SPARE CONFERENCE,RAR-111aR
336661716,AH SPARE CONFERENCE,RAR-112Aa
336661717,AH SPARE CONFERENCE,RAR-112Ba
336661718,AH SPARE CONFERENCE,RAR-112Ca
336661719,AH SPARE CONFERENCE,RAR-113Aa
336661720,AH SPARE CONFERENCE,RAR-113Ba
336661721,AH SPARE CONFERENCE,RAR-113Ca
336661722,AH SPARE CONFERENCE,RAR-114a
336661723,AH SPARE CONFERENCE,RAR-114b
336661724,AH SPARE CONFERENCE,RAR-115Aa
336661725,AH SPARE CONFERENCE,RAR-115Ba
336661726,AH SPARE CONFERENCE,RAR-115Ca
336661727,AH SPARE CONFERENCE,RAR-116Aa
336661728,AH SPARE CONFERENCE,RAR-116Ba
336661729,AH SPARE CONFERENCE,RAR-116Ca
336661730,AH SPARE CONFERENCE,RAR-117Aa
336661731,AH SPARE CONFERENCE,RAR-117Ba
336661732,AH SPARE CONFERENCE,RAR-117Ca
336661733,AH SPARE CONFERENCE,RAR-118Aa
336661734,AH SPARE CONFERENCE,RAR-118Ba
336661735,AH SPARE CONFERENCE,RAR-118Ca
336661736,AH SPARE CONFERENCE,RAR-119Aa
336661737,AH SPARE CONFERENCE,RAR-119Ba
336661738,AH SPARE CONFERENCE,RAR-119Ca
336661739,AH SPARE CONFERENCE,RAR-120a
336661740,AH SPARE CONFERENCE,RAR-120b
336661741,AH SPARE CONFERENCE,RAR-121a
336661742,AH SPARE CONFERENCE,RAR-121b
336661743,AH SPARE CONFERENCE,RAR-122Aa
336661744,AH SPARE CONFERENCE,RAR-122Ba
336661745,AH SPARE CONFERENCE,RAR-122Ca
336661746,AH SPARE CONFERENCE,RAR-123Aa
336661747,AH SPARE CONFERENCE,RAR-123Ba
336661748,AH SPARE CONFERENCE,RAR-123Ca
336661749,AH SPARE CONFERENCE,RAR-126a
336661750,AH SPARE CONFERENCE,RAR-126b
336661751,AH SPARE CONFERENCE,RAR-127Aa
336661752,AH SPARE CONFERENCE,RAR-127Ba
336661753,AH SPARE CONFERENCE,RAR-127Ca
336661754,AH SPARE CONFERENCE,RAR-128Aa
336661755,AH SPARE CONFERENCE,RAR-128Ba
336661756,AH SPARE CONFERENCE,RAR-128Ca
336661757,AH SPARE CONFERENCE,RAR-129a
336661758,AH SPARE CONFERENCE,RAR-129b
336661759,AH SPARE CONFERENCE,RAR-130a
336661760,AH SPARE CONFERENCE,RAR-130b
336661761,AH SPARE CONFERENCE,RAR-131aR
336661762,AH SPARE CONFERENCE,RAR-132Aa
336661763,AH SPARE CONFERENCE,RAR-132Ba
336661764,AH SPARE CONFERENCE,RAR-132Ca
336661765,AH SPARE CONFERENCE,RAR-133Aa
336661766,AH SPARE CONFERENCE,RAR-133Ba
336661767,AH SPARE CONFERENCE,RAR-133Ca
336661768,AH SPARE CONFERENCE,RAR-134Aa
336661769,AH SPARE CONFERENCE,RAR-134Ba
336661770,AH SPARE CONFERENCE,RAR-134Ca
336661771,AH SPARE CONFERENCE,RAR-135Aa
336661772,AH SPARE CONFERENCE,RAR-135Ba
336661773,AH SPARE CONFERENCE,RAR-135Ca
336661774,AH SPARE CONFERENCE,RAR-136Aa
336661775,AH SPARE CONFERENCE,RAR-136Ba
336661776,AH SPARE CONFERENCE,RAR-136Ca
336661777,AH SPARE CONFERENCE,RAR-137Aa
336661778,AH SPARE CONFERENCE,RAR-137Ba
336661779,AH SPARE CONFERENCE,RAR-137Ca
336661780,AH SPARE CONFERENCE,RAR-138Aa
336661781,AH SPARE CONFERENCE,RAR-138Ba
336661782,AH SPARE CONFERENCE,RAR-138Ca
336661783,AH SPARE CONFERENCE,RAR-140Aa
336661784,AH SPARE CONFERENCE,RAR-140Ba
336661785,AH SPARE CONFERENCE,RAR-140Ca
336661786,AH SPARE CONFERENCE,RAR-142a
336661787,AH SPARE CONFERENCE,RAR-142b
336661788,AH SPARE CONFERENCE,RAR-144a
336661789,AH SPARE CONFERENCE,RAR-144b
336661790,AH SPARE CONFERENCE,RAR-146Aa
336661791,AH SPARE CONFERENCE,RAR-146Ba
336661792,AH SPARE CONFERENCE,RAR-146Ca
336661793,AH SPARE CONFERENCE,RAR-148Aa
336661794,AH SPARE CONFERENCE,RAR-148Ba
336661795,AH SPARE CONFERENCE,RAR-148Ca
336661796,AH SPARE CONFERENCE,RAR-154a
336661797,AH SPARE CONFERENCE,RAR-154b
336661798,AH SPARE CONFERENCE,RAR-155Aa
336661799,AH SPARE CONFERENCE,RAR-155Ba
336661800,AH SPARE CONFERENCE,RAR-155Ca
336661801,AH SPARE CONFERENCE,RAR-156Aa
336661802,AH SPARE CONFERENCE,RAR-156Ba
336661803,AH SPARE CONFERENCE,RAR-156Ca
336661804,AH SPARE CONFERENCE,RAR-157a
336661805,AH SPARE CONFERENCE,RAR-157b
336661806,AH SPARE CONFERENCE,RAR-158Aa
336661807,AH SPARE CONFERENCE,RAR-158Ba
336661808,AH SPARE CONFERENCE,RAR-158Ca
336661809,AH SPARE CONFERENCE,RAR-159aR
336661810,AH SPARE CONFERENCE,RAR-160Aa
336661811,AH SPARE CONFERENCE,RAR-160Ba
336661812,AH SPARE CONFERENCE,RAR-160Ca
336661813,AH SPARE CONFERENCE,RAR-161Aa
336661814,AH SPARE CONFERENCE,RAR-161Ba
336661815,AH SPARE CONFERENCE,RAR-161Ca
336661816,AH SPARE CONFERENCE,RAR-162Aa
336661817,AH SPARE CONFERENCE,RAR-162Ba
336661818,AH SPARE CONFERENCE,RAR-162Ca
336661819,AH SPARE CONFERENCE,RAR-163Aa
336661820,AH SPARE CONFERENCE,RAR-163Ba
336661821,AH SPARE CONFERENCE,RAR-163Ca
336661822,AH SPARE CONFERENCE,RAR-164a
336661823,AH SPARE CONFERENCE,RAR-164b
336661824,AH SPARE CONFERENCE,RAR-165Aa
336661825,AH SPARE CONFERENCE,RAR-165Ba
336661826,AH SPARE CONFERENCE,RAR-165Ca
336661827,AH SPARE CONFERENCE,RAR-166Aa
336661828,AH SPARE CONFERENCE,RAR-166Ba
336661829,AH SPARE CONFERENCE,RAR-166Ca
336661830,AH SPARE CONFERENCE,RAR-167Aa
336661831,AH SPARE CONFERENCE,RAR-167Ba
336661832,AH SPARE CONFERENCE,RAR-167Ca
336661833,AH SPARE CONFERENCE,RAR-168Aa
336661834,AH SPARE CONFERENCE,RAR-168Ba
336661835,AH SPARE CONFERENCE,RAR-168Ca
336661836,AH SPARE CONFERENCE,RAR-169a
336661837,AH SPARE CONFERENCE,RAR-169b
336661838,AH SPARE CONFERENCE,RAR-170a
336661839,AH SPARE CONFERENCE,RAR-170b
336661840,AH SPARE CONFERENCE,RAR-171Aa
336661841,AH SPARE CONFERENCE,RAR-171Ba
336661842,AH SPARE CONFERENCE,RAR-171Ca
336661843,AH SPARE CONFERENCE,RAR-172Aa
336661844,AH SPARE CONFERENCE,RAR-172Ba
336661845,AH SPARE CONFERENCE,RAR-172Ca
336661846,AH SPARE CONFERENCE,RAR-175Aa
336661847,AH SPARE CONFERENCE,RAR-175Ba
336661848,AH SPARE CONFERENCE,RAR-175Ca
336661849,AH SPARE CONFERENCE,RAR-176a
336661850,AH SPARE CONFERENCE,RAR-176b
336661851,AH SPARE CONFERENCE,RAR-177a
336661852,AH SPARE CONFERENCE,RAR-177b
336661853,AH SPARE CONFERENCE,RAR-178Aa
336661854,AH SPARE CONFERENCE,RAR-178Ba
336661855,AH SPARE CONFERENCE,RAR-178Ca
336661856,AH SPARE CONFERENCE,RAR-179aR
336661857,AH SPARE CONFERENCE,RAR-180a
336661858,AH SPARE CONFERENCE,RAR-180b
336661859,AH SPARE CONFERENCE,RAR-181Aa
336661860,AH SPARE CONFERENCE,RAR-181Ba
336661861,AH SPARE CONFERENCE,RAR-181Ca
336661862,AH SPARE CONFERENCE,RAR-182Aa
336661863,AH SPARE CONFERENCE,RAR-182Ba
336661864,AH SPARE CONFERENCE,RAR-182Ca
336661865,AH SPARE CONFERENCE,RAR-183Aa
336661866,AH SPARE CONFERENCE,RAR-183Ba
336661867,AH SPARE CONFERENCE,RAR-183Ca
336661868,AH SPARE CONFERENCE,RAR-184Aa
336661869,AH SPARE CONFERENCE,RAR-184Ba
336661870,AH SPARE CONFERENCE,RAR-184Ca
336661871,AH SPARE CONFERENCE,RAR-185Aa
336661872,AH SPARE CONFERENCE,RAR-185Ba
336661873,AH SPARE CONFERENCE,RAR-185Ca
336661874,AH SPARE CONFERENCE,RAR-186Aa
336661875,AH SPARE CONFERENCE,RAR-186Ba
336661876,AH SPARE CONFERENCE,RAR-186Ca
336661877,AH SPARE CONFERENCE,RAR-188Aa
336661878,AH SPARE CONFERENCE,RAR-188Ba
336661879,AH SPARE CONFERENCE,RAR-188Ca
336661880,AH SPARE CONFERENCE,RAR-190Aa
336661881,AH SPARE CONFERENCE,RAR-190Ba
336661882,AH SPARE CONFERENCE,RAR-190Ca
336661883,AH SPARE CONFERENCE,RAR-192a
336661884,AH SPARE CONFERENCE,RAR-192b
336661885,AH SPARE CONFERENCE,RAR-194a
336661886,AH SPARE CONFERENCE,RAR-194b
336661887,AH SPARE CONFERENCE,RAR-196Aa
336661888,AH SPARE CONFERENCE,RAR-196Ba
336661889,AH SPARE CONFERENCE,RAR-196Ca
336661890,AH SPARE CONFERENCE,RAR-198Aa
336661891,AH SPARE CONFERENCE,RAR-198Ba
336661892,AH SPARE CONFERENCE,RAR-198Ca
336661893,AH SPARE CONFERENCE,RAR-202Aa
336661894,AH SPARE CONFERENCE,RAR-202Ba
336661895,AH SPARE CONFERENCE,RAR-202Ca
336661896,AH SPARE CONFERENCE,RAR-204aR
336661897,AH SPARE CONFERENCE,RAR-206Aa
336661898,AH SPARE CONFERENCE,RAR-206Ba
336661899,AH SPARE CONFERENCE,RAR-206Ca
336661900,AH SPARE CONFERENCE,RAR-207Aa
336661901,AH SPARE CONFERENCE,RAR-207Ba
336661902,AH SPARE CONFERENCE,RAR-207Ca
336661903,AH SPARE CONFERENCE,RAR-208Aa
336661904,AH SPARE CONFERENCE,RAR-208Ba
336661905,AH SPARE CONFERENCE,RAR-208Ca
336661906,AH SPARE CONFERENCE,RAR-209a
336661907,AH SPARE CONFERENCE,RAR-209b
336661908,AH SPARE CONFERENCE,RAR-210Aa
336661909,AH SPARE CONFERENCE,RAR-210Ba
336661910,AH SPARE CONFERENCE,RAR-210Ca
336661911,AH SPARE CONFERENCE,RAR-211aR
336661912,AH SPARE CONFERENCE,RAR-212Aa
336661913,AH SPARE CONFERENCE,RAR-212Ba
336661914,AH SPARE CONFERENCE,RAR-212Ca
336661915,AH SPARE CONFERENCE,RAR-213Aa
336661916,AH SPARE CONFERENCE,RAR-213Ba
336661917,AH SPARE CONFERENCE,RAR-213Ca
336661918,AH SPARE CONFERENCE,RAR-214a
336661919,AH SPARE CONFERENCE,RAR-214b
336661920,AH SPARE CONFERENCE,RAR-215Aa
336661921,AH SPARE CONFERENCE,RAR-215Ba
336661922,AH SPARE CONFERENCE,RAR-215Ca
336661923,AH SPARE CONFERENCE,RAR-216Aa
336661924,AH SPARE CONFERENCE,RAR-216Ba
336661925,AH SPARE CONFERENCE,RAR-216Ca
336661926,AH SPARE CONFERENCE,RAR-217Aa
336661927,AH SPARE CONFERENCE,RAR-217Ba
336661928,AH SPARE CONFERENCE,RAR-217Ca
336661929,AH SPARE CONFERENCE,RAR-218Aa
336661930,AH SPARE CONFERENCE,RAR-218Ba
336661931,AH SPARE CONFERENCE,RAR-218Ca
336661932,AH SPARE CONFERENCE,RAR-219Aa
336661933,AH SPARE CONFERENCE,RAR-219Ba
336661934,AH SPARE CONFERENCE,RAR-219Ca
336661935,AH SPARE CONFERENCE,RAR-220a
336661936,AH SPARE CONFERENCE,RAR-220b
336661937,AH SPARE CONFERENCE,RAR-221a
336661938,AH SPARE CONFERENCE,RAR-221b
336661939,AH SPARE CONFERENCE,RAR-222Aa
336661940,AH SPARE CONFERENCE,RAR-222Ba
336661941,AH SPARE CONFERENCE,RAR-222Ca
336661942,AH SPARE CONFERENCE,RAR-223Aa
336661943,AH SPARE CONFERENCE,RAR-223Ba
336661944,AH SPARE CONFERENCE,RAR-223Ca
336661945,AH SPARE CONFERENCE,RAR-226a
336661946,AH SPARE CONFERENCE,RAR-226b
336661947,AH SPARE CONFERENCE,RAR-227Aa
336661948,AH SPARE CONFERENCE,RAR-227Ba
336661949,AH SPARE CONFERENCE,RAR-227Ca
336661950,AH SPARE CONFERENCE,RAR-228Aa
336661951,AH SPARE CONFERENCE,RAR-228Ba
336661952,AH SPARE CONFERENCE,RAR-228Ca
336661953,AH SPARE CONFERENCE,RAR-229a
336661954,AH SPARE CONFERENCE,RAR-229b
336661955,AH SPARE CONFERENCE,RAR-230a
336661956,AH SPARE CONFERENCE,RAR-230b
336661957,AH SPARE CONFERENCE,RAR-231aR
336661958,AH SPARE CONFERENCE,RAR-232Aa
336661959,AH SPARE CONFERENCE,RAR-232Ba
336661960,AH SPARE CONFERENCE,RAR-232Ca
336661961,AH SPARE CONFERENCE,RAR-233Aa
336661962,AH SPARE CONFERENCE,RAR-233Ba
336661963,AH SPARE CONFERENCE,RAR-233Ca
336661964,AH SPARE CONFERENCE,RAR-234Aa
336661965,AH SPARE CONFERENCE,RAR-234Ba
336661966,AH SPARE CONFERENCE,RAR-234Ca
336661967,AH SPARE CONFERENCE,RAR-235Aa
336661968,AH SPARE CONFERENCE,RAR-235Ba
336661969,AH SPARE CONFERENCE,RAR-235Ca
336661970,AH SPARE CONFERENCE,RAR-236Aa
336661971,AH SPARE CONFERENCE,RAR-236Ba
336661972,AH SPARE CONFERENCE,RAR-236Ca
336661973,AH SPARE CONFERENCE,RAR-237Aa
336661974,AH SPARE CONFERENCE,RAR-237Ba
336661975,AH SPARE CONFERENCE,RAR-237Ca
336661976,AH SPARE CONFERENCE,RAR-238Aa
336661977,AH SPARE CONFERENCE,RAR-238B
336661978,AH SPARE CONFERENCE,RAR-238Ca
336661979,AH SPARE CONFERENCE,RAR-240Aa
336661980,AH SPARE CONFERENCE,RAR-240Ba
336661981,AH SPARE CONFERENCE,RAR-240Ca
336661982,AH SPARE CONFERENCE,RAR-242a
336661983,AH SPARE CONFERENCE,RAR-242b
336661984,AH SPARE CONFERENCE,RAR-244a
336661985,AH SPARE CONFERENCE,RAR-244b
336661986,AH SPARE CONFERENCE,RAR-246Aa
336661987,AH SPARE CONFERENCE,RAR-246Ba
336661988,AH SPARE CONFERENCE,RAR-246Ca
336661989,AH SPARE CONFERENCE,RAR-248Aa
336661990,AH SPARE CONFERENCE,RAR-248Ba
336661991,AH SPARE CONFERENCE,RAR-248Ca
336661992,AH SPARE CONFERENCE,RAR-252Aa
336661993,AH SPARE CONFERENCE,RAR-252Ba
336661994,AH SPARE CONFERENCE,RAR-252Ca
336661995,AH SPARE CONFERENCE,RAR-254a
336661996,AH SPARE CONFERENCE,RAR-254b
336661997,AH SPARE CONFERENCE,RAR-255Aa
336661998,AH SPARE CONFERENCE,RAR-255Ba
336661999,AH SPARE CONFERENCE,RAR-255Ca
336662000,AH SPARE CONFERENCE,RAR-256Aa
336662001,AH SPARE CONFERENCE,RAR-256Ba
336662002,AH SPARE CONFERENCE,RAR-256Ca
336662003,AH SPARE CONFERENCE,RAR-257a
336662004,AH SPARE CONFERENCE,RAR-257b
336662005,AH SPARE CONFERENCE,RAR-258Aa
336662006,AH SPARE CONFERENCE,RAR-258Ba
336662007,AH SPARE CONFERENCE,RAR-258Ca
336662008,AH SPARE CONFERENCE,RAR-259aR
336662009,AH SPARE CONFERENCE,RAR-260Aa
336662010,AH SPARE CONFERENCE,RAR-260Ba
336662011,AH SPARE CONFERENCE,RAR-260Ca
336662012,AH SPARE CONFERENCE,RAR-261Aa
336662013,AH SPARE CONFERENCE,RAR-261Ba
336662014,AH SPARE CONFERENCE,RAR-261Ca
336662015,AH SPARE CONFERENCE,RAR-262Aa
336662016,AH SPARE CONFERENCE,RAR-262Ba
336662017,AH SPARE CONFERENCE,RAR-262Ca
336662018,AH SPARE CONFERENCE,RAR-263Aa
336662019,AH SPARE CONFERENCE,RAR-263Ba
336662020,AH SPARE CONFERENCE,RAR-263Ca
336662021,AH SPARE CONFERENCE,RAR-264a
336662022,AH SPARE CONFERENCE,RAR-264b
336662023,AH SPARE CONFERENCE,RAR-265Aa
336662024,AH SPARE CONFERENCE,RAR-265Ba
336662025,AH SPARE CONFERENCE,RAR-265Ca
336662026,AH SPARE CONFERENCE,RAR-266Aa
336662027,AH SPARE CONFERENCE,RAR-266Ba
336662028,AH SPARE CONFERENCE,RAR-266Ca
336662029,AH SPARE CONFERENCE,RAR-267Aa
336662030,AH SPARE CONFERENCE,RAR-267Ba
336662031,AH SPARE CONFERENCE,RAR-267Ca
336662032,AH SPARE CONFERENCE,RAR-268Aa
336662033,AH SPARE CONFERENCE,RAR-268Ba
336662034,AH SPARE CONFERENCE,RAR-268Ca
336662035,AH SPARE CONFERENCE,RAR-269a
336662036,AH SPARE CONFERENCE,RAR-269b
336662037,AH SPARE CONFERENCE,RAR-270a
336662038,AH SPARE CONFERENCE,RAR-270b
336662039,AH SPARE CONFERENCE,RAR-271Aa
336662040,AH SPARE CONFERENCE,RAR-271Ba
336662041,AH SPARE CONFERENCE,RAR-271Ca
336662042,AH SPARE CONFERENCE,RAR-272Aa
336662043,AH SPARE CONFERENCE,RAR-272Ba
336662044,AH SPARE CONFERENCE,RAR-272Ca
336662045,AH SPARE CONFERENCE,RAR-275Aa
336662046,AH SPARE CONFERENCE,RAR-275Ba
336662047,AH SPARE CONFERENCE,RAR-275Ca
336662048,AH SPARE CONFERENCE,RAR-276a
336662049,AH SPARE CONFERENCE,RAR-276b
336662050,AH SPARE CONFERENCE,RAR-277a
336662051,AH SPARE CONFERENCE,RAR-277b
336662052,AH SPARE CONFERENCE,RAR-278Aa
336662053,AH SPARE CONFERENCE,RAR-278Ba
336662054,AH SPARE CONFERENCE,RAR-278Ca
336662055,AH SPARE CONFERENCE,RAR-279aR
336662056,AH SPARE CONFERENCE,RAR-280a
336662057,AH SPARE CONFERENCE,RAR-280b
336662058,AH SPARE CONFERENCE,RAR-281Aa
336662059,AH SPARE CONFERENCE,RAR-281Ba
336662060,AH SPARE CONFERENCE,RAR-281Ca
336662061,AH SPARE CONFERENCE,RAR-282Aa
336662062,AH SPARE CONFERENCE,RAR-282Ba
336662063,AH SPARE CONFERENCE,RAR-282Ca
336662064,AH SPARE CONFERENCE,RAR-283Aa
336662065,AH SPARE CONFERENCE,RAR-283Ba
336662066,AH SPARE CONFERENCE,RAR-283Ca
336662067,AH SPARE CONFERENCE,RAR-284Aa
336662068,AH SPARE CONFERENCE,RAR-284Ba
336662069,AH SPARE CONFERENCE,RAR-284Ca
336662070,AH SPARE CONFERENCE,RAR-285Aa
336662071,AH SPARE CONFERENCE,RAR-285Ba
336662072,AH SPARE CONFERENCE,RAR-285Ca
336662073,AH SPARE CONFERENCE,RAR-286Aa
336662074,AH SPARE CONFERENCE,RAR-286Ba
336662075,AH SPARE CONFERENCE,RAR-286Ca
336662076,AH SPARE CONFERENCE,RAR-288Aa
336662077,AH SPARE CONFERENCE,RAR-288Ba
336662078,AH SPARE CONFERENCE,RAR-288Ca
336662079,AH SPARE CONFERENCE,RAR-290Aa
336662080,AH SPARE CONFERENCE,RAR-290Ba
336662081,AH SPARE CONFERENCE,RAR-290Ca
336662082,AH SPARE CONFERENCE,RAR-292a
336662083,AH SPARE CONFERENCE,RAR-292b
336662084,AH SPARE CONFERENCE,RAR-294a
336662085,AH SPARE CONFERENCE,RAR-294b
336662086,AH SPARE CONFERENCE,RAR-296Aa
336662087,AH SPARE CONFERENCE,RAR-296Ba
336662088,AH SPARE CONFERENCE,RAR-296Ca
336662089,AH SPARE CONFERENCE,RAR-298Aa
336662090,AH SPARE CONFERENCE,RAR-298Ba
336662091,AH SPARE CONFERENCE,RAR-298Ca
336662092,AH SPARE CONFERENCE,RAR-302Aa
336662093,AH SPARE CONFERENCE,RAR-302Ba
336662094,AH SPARE CONFERENCE,RAR-302Ca
336662095,AH SPARE CONFERENCE,RAR-304a
336662096,AH SPARE CONFERENCE,RAR-304b
336662097,AH SPARE CONFERENCE,RAR-306Aa
336662098,AH SPARE CONFERENCE,RAR-306Ba
336662099,AH SPARE CONFERENCE,RAR-306Ca
336662100,AH SPARE CONFERENCE,RAR-307Aa
336662101,AH SPARE CONFERENCE,RAR-307Ba
336662102,AH SPARE CONFERENCE,RAR-307Ca
336662103,AH SPARE CONFERENCE,RAR-308Aa
336662104,AH SPARE CONFERENCE,RAR-308Ba
336662105,AH SPARE CONFERENCE,RAR-308Ca
336662106,AH SPARE CONFERENCE,RAR-309a
336662107,AH SPARE CONFERENCE,RAR-309b
336662108,AH SPARE CONFERENCE,RAR-310Aa
336662109,AH SPARE CONFERENCE,RAR-310Ba
336662110,AH SPARE CONFERENCE,RAR-310Ca
336662111,AH SPARE CONFERENCE,RAR-311aR
336662112,AH SPARE CONFERENCE,RAR-312Aa
336662113,AH SPARE CONFERENCE,RAR-312Ba
336662114,AH SPARE CONFERENCE,RAR-312Ca
336662115,AH SPARE CONFERENCE,RAR-313Aa
336662116,AH SPARE CONFERENCE,RAR-313Ba
336662117,AH SPARE CONFERENCE,RAR-313Ca
336662118,AH SPARE CONFERENCE,RAR-314a
336662119,AH SPARE CONFERENCE,RAR-314b
336662120,AH SPARE CONFERENCE,RAR-315Aa
336662121,AH SPARE CONFERENCE,RAR-315Ba
336662122,AH SPARE CONFERENCE,RAR-315Ca
336662123,AH SPARE CONFERENCE,RAR-316Aa
336662124,AH SPARE CONFERENCE,RAR-316Ba
336662125,AH SPARE CONFERENCE,RAR-316Ca
336662126,AH SPARE CONFERENCE,RAR-317Aa
336662127,AH SPARE CONFERENCE,RAR-317Ba
336662128,AH SPARE CONFERENCE,RAR-317Ca
336662129,AH SPARE CONFERENCE,RAR-318Aa
336662130,AH SPARE CONFERENCE,RAR-318Ba
336662131,AH SPARE CONFERENCE,RAR-318Ca
336662132,AH SPARE CONFERENCE,RAR-319Aa
336662133,AH SPARE CONFERENCE,RAR-319Ba
336662134,AH SPARE CONFERENCE,RAR-319Ca
336662135,AH SPARE CONFERENCE,RAR-320a
336662136,AH SPARE CONFERENCE,RAR-320b
336662137,AH SPARE CONFERENCE,RAR-321a
336662138,AH SPARE CONFERENCE,RAR-321b
336662139,AH SPARE CONFERENCE,RAR-322Aa
336662140,AH SPARE CONFERENCE,RAR-322Ba
336662141,AH SPARE CONFERENCE,RAR-322Ca
336662142,AH SPARE CONFERENCE,RAR-323Aa
336662143,AH SPARE CONFERENCE,RAR-323Ba
336662144,AH SPARE CONFERENCE,RAR-323Ca
336662145,AH SPARE CONFERENCE,RAR-326a
336662146,AH SPARE CONFERENCE,RAR-326b
336662147,AH SPARE CONFERENCE,RAR-327Aa
336662148,AH SPARE CONFERENCE,RAR-327Ba
336662149,AH SPARE CONFERENCE,RAR-327Ca
336662150,AH SPARE CONFERENCE,RAR-328Aa
336662151,AH SPARE CONFERENCE,RAR-328Ba
336662152,AH SPARE CONFERENCE,RAR-328Ca
336662153,AH SPARE CONFERENCE,RAR-329a
336662154,AH SPARE CONFERENCE,RAR-329b
336662155,AH SPARE CONFERENCE,RAR-330a
336662156,AH SPARE CONFERENCE,RAR-330b
336662157,AH SPARE CONFERENCE,RAR-331aR
336662158,AH SPARE CONFERENCE,RAR-332Aa
336662159,AH SPARE CONFERENCE,RAR-332Ba
336662160,AH SPARE CONFERENCE,RAR-332Ca
336662161,AH SPARE CONFERENCE,RAR-333Aa
336662162,AH SPARE CONFERENCE,RAR-333Ba
336662163,AH SPARE CONFERENCE,RAR-333Ca
336662164,AH SPARE CONFERENCE,RAR-334Aa
336662165,AH SPARE CONFERENCE,RAR-334Ba
336662166,AH SPARE CONFERENCE,RAR-334Ca
336662167,AH SPARE CONFERENCE,RAR-335a
336662168,AH SPARE CONFERENCE,RAR-335Ba
336662169,AH SPARE CONFERENCE,RAR-335Ca
336662170,AH SPARE CONFERENCE,RAR-336Aa
336662171,AH SPARE CONFERENCE,RAR-336Ba
336662172,AH SPARE CONFERENCE,RAR-336Ca
336662173,AH SPARE CONFERENCE,RAR-337Aa
336662174,AH SPARE CONFERENCE,RAR-337Ba
336662175,AH SPARE CONFERENCE,RAR-337Ca
336662176,AH SPARE CONFERENCE,RAR-338Aa
336662177,AH SPARE CONFERENCE,RAR-338Ba
336662178,AH SPARE CONFERENCE,RAR-338Ca
336662179,AH SPARE CONFERENCE,RAR-340Aa
336662180,AH SPARE CONFERENCE,RAR-340Ba
336662181,AH SPARE CONFERENCE,RAR-340Ca
336662182,AH SPARE CONFERENCE,RAR-342a
336662183,AH SPARE CONFERENCE,RAR-342b
336662184,AH SPARE CONFERENCE,RAR-344a
336662185,AH SPARE CONFERENCE,RAR-344b
336662186,AH SPARE CONFERENCE,RAR-346Aa
336662187,AH SPARE CONFERENCE,RAR-346Ba
336662188,AH SPARE CONFERENCE,RAR-346Ca
336662189,AH SPARE CONFERENCE,RAR-348Aa
336662190,AH SPARE CONFERENCE,RAR-348Ba
336662191,AH SPARE CONFERENCE,RAR-348Ca
336662192,AH SPARE CONFERENCE,RAR-352Aa
336662193,AH SPARE CONFERENCE,RAR-352Ba
336662194,AH SPARE CONFERENCE,RAR-352Ca
336662195,AH SPARE CONFERENCE,RAR-354a
336662196,AH SPARE CONFERENCE,RAR-354b
336662197,AH SPARE CONFERENCE,RAR-355Aa
336662198,AH SPARE CONFERENCE,RAR-355Ba
336662199,AH SPARE CONFERENCE,RAR-355Ca
336662200,AH SPARE CONFERENCE,RAR-356Aa
336662201,AH SPARE CONFERENCE,RAR-356Ba
336662202,AH SPARE CONFERENCE,RAR-356Ca
336662203,AH SPARE CONFERENCE,RAR-357a
336662204,AH SPARE CONFERENCE,RAR-357b
336662205,AH SPARE CONFERENCE,RAR-358Aa
336662206,AH SPARE CONFERENCE,RAR-358Ba
336662207,AH SPARE CONFERENCE,RAR-358Ca
336662208,AH SPARE CONFERENCE,RAR-359aR
336662209,AH SPARE CONFERENCE,RAR-360Aa
336662210,AH SPARE CONFERENCE,RAR-360Ba
336662211,AH SPARE CONFERENCE,RAR-360Ca
336662212,AH SPARE CONFERENCE,RAR-361Aa
336662213,AH SPARE CONFERENCE,RAR-361Ba
336662214,AH SPARE CONFERENCE,RAR-361Ca
336662215,AH SPARE CONFERENCE,RAR-362Aa
336662216,AH SPARE CONFERENCE,RAR-362Ba
336662217,AH SPARE CONFERENCE,RAR-362Ca
336662218,AH SPARE CONFERENCE,RAR-363Aa
336662219,AH SPARE CONFERENCE,RAR-363Ba
336662220,AH SPARE CONFERENCE,RAR-363Ca
336662221,AH SPARE CONFERENCE,RAR-364a
336662222,AH SPARE CONFERENCE,RAR-364b
336662223,AH SPARE CONFERENCE,RAR-365Aa
336662224,AH SPARE CONFERENCE,RAR-365Ba
336662225,AH SPARE CONFERENCE,RAR-365Ca
336662226,AH SPARE CONFERENCE,RAR-366Aa
336662227,AH SPARE CONFERENCE,RAR-366Ba
336662228,AH SPARE CONFERENCE,RAR-366Ca
336662229,AH SPARE CONFERENCE,RAR-367Aa
336662230,AH SPARE CONFERENCE,RAR-367Ba
336662231,AH SPARE CONFERENCE,RAR-367Ca
336662232,AH SPARE CONFERENCE,RAR-368Aa
336662233,AH SPARE CONFERENCE,RAR-368Ba
336662234,AH SPARE CONFERENCE,RAR-368Ca
336662235,AH SPARE CONFERENCE,RAR-369a
336662236,AH SPARE CONFERENCE,RAR-369b
336662237,AH SPARE CONFERENCE,RAR-370a
336662238,AH SPARE CONFERENCE,RAR-370b
336662239,AH SPARE CONFERENCE,RAR-371Aa
336662240,AH SPARE CONFERENCE,RAR-371Ba
336662241,AH SPARE CONFERENCE,RAR-371Ca
336662242,AH SPARE CONFERENCE,RAR-372Aa
336662243,AH SPARE CONFERENCE,RAR-372Ba
336662244,AH SPARE CONFERENCE,RAR-372Ca
336662245,AH SPARE CONFERENCE,RAR-375Aa
336662246,AH SPARE CONFERENCE,RAR-375Ba
336662247,AH SPARE CONFERENCE,RAR-375Ca
336662248,AH SPARE CONFERENCE,RAR-376a
336662249,AH SPARE CONFERENCE,RAR-376b
336662250,AH SPARE CONFERENCE,RAR-377a
336662251,AH SPARE CONFERENCE,RAR-377b
336662252,AH SPARE CONFERENCE,RAR-378Aa
336662253,AH SPARE CONFERENCE,RAR-378Ba
336662254,AH SPARE CONFERENCE,RAR-378Ca
336662255,AH SPARE CONFERENCE,RAR-379aR
336662256,AH SPARE CONFERENCE,RAR-380a
336662257,AH SPARE CONFERENCE,RAR-380b
336662258,AH SPARE CONFERENCE,RAR-381Aa
336662259,AH SPARE CONFERENCE,RAR-381Ba
336662260,AH SPARE CONFERENCE,RAR-381Ca
336662261,AH SPARE CONFERENCE,RAR-382Aa
336662262,AH SPARE CONFERENCE,RAR-382Ba
336662263,AH SPARE CONFERENCE,RAR-382Ca
336662264,AH SPARE CONFERENCE,RAR-383Aa
336662265,AH SPARE CONFERENCE,RAR-383Ba
336662266,AH SPARE CONFERENCE,RAR-383Ca
336662267,AH SPARE CONFERENCE,RAR-384Aa
336662268,AH SPARE CONFERENCE,RAR-384Ba
336662269,AH SPARE CONFERENCE,RAR-384Ca
336662270,AH SPARE CONFERENCE,RAR-385Aa
336662271,AH SPARE CONFERENCE,RAR-385Ba
336662272,AH SPARE CONFERENCE,RAR-385Ca
336662273,AH SPARE CONFERENCE,RAR-386Aa
336662274,AH SPARE CONFERENCE,RAR-386Ba
336662275,AH SPARE CONFERENCE,RAR-386Ca
336662276,AH SPARE CONFERENCE,RAR-388Aa
336662277,AH SPARE CONFERENCE,RAR-388Ba
336662278,AH SPARE CONFERENCE,RAR-388Ca
336662279,AH SPARE CONFERENCE,RAR-390Aa
336662280,AH SPARE CONFERENCE,RAR-390Ba
336662281,AH SPARE CONFERENCE,RAR-390Ca
336662282,AH SPARE CONFERENCE,RAR-392a
336662283,AH SPARE CONFERENCE,RAR-392b
336662284,AH SPARE CONFERENCE,RAR-394a
336662285,AH SPARE CONFERENCE,RAR-394b
336662286,AH SPARE CONFERENCE,RAR-396Aa
336662287,AH SPARE CONFERENCE,RAR-396Ba
336662288,AH SPARE CONFERENCE,RAR-396Ca
336662289,AH SPARE CONFERENCE,RAR-398Aa
336662290,AH SPARE CONFERENCE,RAR-398Ba
336662291,AH SPARE CONFERENCE,RAR-398Ca
336662292,AH CONFERENCE,RAR-204bR
336662293,AH CONFERENCE SPARE,RAR-204cR
